{
    "$schema": "https://schema.management.azure.com/schemas/2019-04-01/deploymentTemplate.json#",
    "contentVersion": "1.0.0.0",
    "parameters": {
        "workspace": {
            "type": "String"
        }
    },
    "resources": [
        {
            "id": "[concat(resourceId('Microsoft.OperationalInsights/workspaces/providers', parameters('workspace'), 'Microsoft.SecurityInsights'),'/alertRules/53000762-286c-4fc6-b6fd-dca2338a38f1')]",
            "name": "[concat(parameters('workspace'),'/Microsoft.SecurityInsights/53000762-286c-4fc6-b6fd-dca2338a38f1')]",
            "type": "Microsoft.OperationalInsights/workspaces/providers/alertRules",
            "kind": "Scheduled",
            "apiVersion": "2022-11-01-preview",
            "properties": {
                "displayName": "Alerts when there is a new finding for Patching Cadence",
                "description": "Creates an incident whenever there is a new finding for Patching Cadence.",
                "severity": "High",
                "enabled": false,
                "query": "let timeframe = 24h;\r\nFindings_data_dashboard_CL\r\n| where ingestion_time() > ago(timeframe)\r\n| where risk_vector_s == \"patching_cadence\"\r\n| project first_seen_s, company_name_s, Severity",
                "queryFrequency": "P1D",
                "queryPeriod": "P14D",
                "triggerOperator": "GreaterThan",
                "triggerThreshold": 0,
                "suppressionDuration": "PT5H",
                "suppressionEnabled": false,
                "tactics": [],
                "techniques": [],
                "alertRuleTemplateName": null,
                "incidentConfiguration": {
                    "createIncident": true,
                    "groupingConfiguration": {
                        "enabled": false,
                        "reopenClosedIncident": false,
                        "lookbackDuration": "PT5H",
                        "matchingMethod": "AllEntities",
                        "groupByEntities": [],
                        "groupByAlertDetails": [],
                        "groupByCustomDetails": []
                    }
                },
                "eventGroupingSettings": {
                    "aggregationKind": "AlertPerResult"
                },
                "alertDetailsOverride": {
                    "alertDisplayNameFormat": "Alert from {{company_name_s}} company",
                    "alertDescriptionFormat": "Alert generated from {{company_name_s}} company at {{first_seen_s}} in BitSight.",
                    "alertSeverityColumnName": "Severity",
                    "alertDynamicProperties": []
                },
                "customDetails": null,
                "entityMappings": null,
                "sentinelEntitiesMappings": null
            }
        }
    ]
}