{
    "$schema": "https://schema.management.azure.com/schemas/2019-04-01/deploymentTemplate.json#",
    "contentVersion": "1.0.0.0",
    "parameters": {
        "workspace": {
            "type": "String"
        }
    },
    "resources": [
        {
            "id": "[concat(resourceId('Microsoft.OperationalInsights/workspaces/providers', parameters('workspace'), 'Microsoft.SecurityInsights'),'/alertRules/d8844f11-3a36-4b97-9062-1e6d57c00e37')]",
            "name": "[concat(parameters('workspace'),'/Microsoft.SecurityInsights/d8844f11-3a36-4b97-9062-1e6d57c00e37')]",
            "type": "Microsoft.OperationalInsights/workspaces/providers/alertRules",
            "kind": "Scheduled",
            "apiVersion": "2022-11-01-preview",
            "properties": {
                "displayName": "Alert when there is a drop of 10% or more",
                "description": "Creates an incident when there is a drop of 10% or more in BitSight.",
                "severity": "High",
                "enabled": false,
                "query": "let timeframe = 24h;\r\nGraph_data_A_CL\r\n| where ingestion_time() > ago(timeframe)\r\n// | Rating_differance_d < 0\r\n// | extend percentage = -(Rating_differance_d/Rating_d)*100\r\n// | where percentage >= 10\r\n| project Rating_Date_s, Rating_d, Company_name_s",
                "queryFrequency": "P1D",
                "queryPeriod": "P14D",
                "triggerOperator": "GreaterThan",
                "triggerThreshold": 0,
                "suppressionDuration": "PT5H",
                "suppressionEnabled": false,
                "tactics": [],
                "techniques": [],
                "alertRuleTemplateName": null,
                "incidentConfiguration": {
                    "createIncident": true,
                    "groupingConfiguration": {
                        "enabled": false,
                        "reopenClosedIncident": false,
                        "lookbackDuration": "PT5H",
                        "matchingMethod": "AllEntities",
                        "groupByEntities": [],
                        "groupByAlertDetails": [],
                        "groupByCustomDetails": []
                    }
                },
                "eventGroupingSettings": {
                    "aggregationKind": "AlertPerResult"
                },
                "alertDetailsOverride": {
                    "alertDisplayNameFormat": "BitSight : Alert from {{Company_name_s}} company",
                    "alertDescriptionFormat": "Alert generated from {{Company_name_s}} on {{Rating_Date_s}} when there is drop of 10% or more in BitSight",
                    "alertDynamicProperties": []
                },
                "customDetails": null,
                "entityMappings": null,
                "sentinelEntitiesMappings": null
            }
        }
    ]
}