{
    "$schema": "https://schema.management.azure.com/schemas/2019-04-01/deploymentTemplate.json#",
    "contentVersion": "1.0.0.0",
    "parameters": {
        "workspace": {
            "type": "String"
        }
    },
    "resources": [
        {
            "id": "[concat(resourceId('Microsoft.OperationalInsights/workspaces/providers', parameters('workspace'), 'Microsoft.SecurityInsights'),'/alertRules/a5526ba9-5997-47c6-bf2e-60a08b681e9b')]",
            "name": "[concat(parameters('workspace'),'/Microsoft.SecurityInsights/a5526ba9-5997-47c6-bf2e-60a08b681e9b')]",
            "type": "Microsoft.OperationalInsights/workspaces/providers/alertRules",
            "kind": "Scheduled",
            "apiVersion": "2022-11-01-preview",
            "properties": {
                "displayName": "Alerts for a new breach",
                "description": "Creates an incident new beaches.",
                "severity": "High",
                "enabled": false,
                "query": "let timeframe = 24h;\r\nbreaches_data_CL\r\n| where ingestion_time() > ago(timeframe)\r\n| project date_created_s, company_name_s, Severity",
                "queryFrequency": "P1D",
                "queryPeriod": "P14D",
                "triggerOperator": "GreaterThan",
                "triggerThreshold": 0,
                "suppressionDuration": "PT5H",
                "suppressionEnabled": false,
                "tactics": [],
                "techniques": [],
                "alertRuleTemplateName": null,
                "incidentConfiguration": {
                    "createIncident": true,
                    "groupingConfiguration": {
                        "enabled": false,
                        "reopenClosedIncident": false,
                        "lookbackDuration": "PT5H",
                        "matchingMethod": "AllEntities",
                        "groupByEntities": [],
                        "groupByAlertDetails": [],
                        "groupByCustomDetails": []
                    }
                },
                "eventGroupingSettings": {
                    "aggregationKind": "AlertPerResult"
                },
                "alertDetailsOverride": {
                    "alertDisplayNameFormat": "Alert from {{company_name_s}} company",
                    "alertDescriptionFormat": "Alert generated from {{company_name_s}} company at {{date_created_s}} in BitSight.",
                    "alertSeverityColumnName": "Severity",
                    "alertDynamicProperties": []
                },
                "customDetails": null,
                "entityMappings": null,
                "sentinelEntitiesMappings": null
            }
        }
    ]
}